Y,X1,X2,Yhat,Reg.Err,,,
350,70,3,358.096,,-12.67358764,2.808264928,199.5577016
345,70,3,358.096,,,,
300,65,7,293.36,,,,
370,75,4,359.462,,,,
420,80,2,398.85,,,,
310,61,5,307.476,,,,
410,72,1,389.06,,,,
390,80,1,411.524,,,,
480,98,0,474.742,,,,
350,78,3,380.56,,,,
415,95,2,440.97,,,,
465,92,2,432.546,,,,
